Name,Name2,Primary Type,Secondary type,Attack,Defense,HP,Sp.Attack,Sp.Defense,Speed,Total
Bulbasaur,No,GRASS,POISON,49,49,45,65,65,45,318
Ivysaur,No,GRASS,POISON,62,63,60,80,80,60,405
Venusaur,No,GRASS,POISON,82,83,80,100,100,80,525
Venusaur,Mega Venusaur,GRASS,POISON,100,123,80,122,120,80,625
Charmander,No,FIRE,No,52,43,39,60,50,65,309
Charmeleon,No,FIRE,No,64,58,58,80,65,80,405
Charizard,No,FIRE,FLYING,84,78,78,109,85,100,534
Charizard,Mega Charizard X,FIRE,DRAGON,130,111,78,130,85,100,634
Charizard,Mega Charizard Y,FIRE,FLYING,104,78,78,159,115,100,634
Squirtle,No,WATER,No,48,65,44,50,64,43,314
Wartortle,No,WATER,No,63,80,59,65,80,58,405
Blastoise,No,WATER,No,83,100,79,85,105,78,530
Blastoise,Mega Blastoise,WATER,No,103,120,79,135,115,78,630
Caterpie,No,BUG,No,30,35,45,20,20,45,195
Metapod,No,BUG,No,20,55,50,25,25,30,205
Butterfree,No,BUG,FLYING,45,50,60,90,80,70,395
Weedle,No,BUG,POISON,35,30,40,20,20,50,195
Kakuna,No,BUG,POISON,25,50,45,25,25,35,205
Beedrill,No,BUG,POISON,90,40,65,45,80,75,395
Beedrill,Mega Beedrill,BUG,POISON,150,40,65,15,80,145,495
Pidgey,No,NORMAL,FLYING,45,40,40,35,35,56,251
Pidgeotto,No,NORMAL,FLYING,60,55,63,50,50,71,349
Pidgeot,No,NORMAL,FLYING,80,75,83,70,70,101,479
Pidgeot,Mega Pidgeot,NORMAL,FLYING,80,80,83,135,80,121,579
Rattata,No,NORMAL,No,56,35,30,25,35,72,253
Rattata,Alolan Rattata,DARK,NORMAL,56,35,30,25,35,72,253
Raticate,No,NORMAL,No,81,60,55,50,70,97,413
Raticate,Alolan Raticate,DARK,NORMAL,71,70,75,40,80,77,413
Spearow,No,NORMAL,FLYING,60,30,40,31,31,70,262
Fearow,No,NORMAL,FLYING,90,65,65,61,61,100,442
Ekans,No,POISON,No,60,44,35,40,54,55,288
Arbok,No,POISON,No,95,69,60,65,79,80,448
Pikachu,No,ELECTRIC,No,55,40,35,50,50,90,320
Pikachu,Partner Pikachu,ELECTRIC,No,80,50,45,75,60,120,430
Raichu,No,ELECTRIC,No,90,55,60,90,80,110,485
Raichu,Alolan Raichu,ELECTRIC,PSYCHIC,85,50,60,95,85,110,485
Sandshrew,No,GROUND,No,75,85,50,20,30,40,300
Sandshrew,Alolan Sandshrew,ICE,STEEL,75,90,50,10,35,40,300
Sandslash,No,GROUND,No,100,110,75,45,55,65,450
Sandslash,Alolan Sandslash,ICE,STEEL,100,120,75,25,65,65,450
Nidoran,No,POISON,No,47,52,55,40,40,41,275
Nidorina,No,POISON,No,62,67,70,55,55,56,365
Nidoqueen,No,POISON,GROUND,92,87,90,75,85,76,505
Nidoran,No,POISON,No,57,40,46,40,40,50,273
Nidorino,No,POISON,No,72,57,61,55,55,65,365
Nidoking,No,POISON,GROUND,102,77,81,85,75,85,505
Clefairy,No,FAIRY,No,45,48,70,60,65,35,323
Clefable,No,FAIRY,No,70,73,95,95,90,60,483
Vulpix,No,FIRE,No,41,40,38,50,65,65,299
Vulpix,Alolan Vulpix,ICE,No,41,40,38,50,65,65,299
Ninetales,No,FIRE,No,76,75,73,81,100,100,505
Ninetales,Alolan Ninetales,ICE,FAIRY,67,75,73,81,100,109,505
Jigglypuff,No,NORMAL,FAIRY,45,20,115,45,25,20,270
Wigglytuff,No,NORMAL,FAIRY,70,45,140,85,50,45,435
Zubat,No,POISON,FLYING,45,35,40,30,40,55,245
Golbat,No,POISON,FLYING,80,70,75,65,75,90,455
Oddish,No,GRASS,POISON,50,55,45,75,65,30,320
Gloom,No,GRASS,POISON,65,70,60,85,75,40,395
Vileplume,No,GRASS,POISON,80,85,75,110,90,50,490
Paras,No,BUG,GRASS,70,55,35,45,55,25,285
Parasect,No,BUG,GRASS,95,80,60,60,80,30,405
Venonat,No,BUG,POISON,55,50,60,40,55,45,305
Venomoth,No,BUG,POISON,65,60,70,90,75,90,450
Diglett,No,GROUND,No,55,25,10,35,45,95,265
Diglett,Alolan Diglett,GROUND,STEEL,55,30,10,35,45,90,265
Dugtrio,No,GROUND,No,100,50,35,50,70,120,425
Dugtrio,Alolan Dugtrio,GROUND,STEEL,100,60,35,50,70,110,425
Meowth,No,NORMAL,No,45,35,40,40,40,90,290
Meowth,Alolan Meowth,DARK,No,35,35,40,50,40,90,290
Meowth,Galarian Meowth,STEEL,No,65,55,50,40,40,40,290
Persian,No,NORMAL,No,70,60,65,65,65,115,440
Persian,Alolan Persian,DARK,No,60,60,65,75,65,115,440
Psyduck,No,WATER,No,52,48,50,65,50,55,320
Golduck,No,WATER,No,82,78,80,95,80,85,500
Mankey,No,FIGHTING,No,80,35,40,35,45,70,305
Primeape,No,FIGHTING,No,105,60,65,60,70,95,455
Growlithe,No,FIRE,No,70,45,55,70,50,60,350
Arcanine,No,FIRE,No,110,80,90,100,80,95,555
Poliwag,No,WATER,No,50,40,40,40,40,90,300
Poliwhirl,No,WATER,No,65,65,65,50,50,90,385
Poliwrath,No,WATER,FIGHTING,95,95,90,70,90,70,510
Abra,No,PSYCHIC,No,20,15,25,105,55,90,310
Kadabra,No,PSYCHIC,No,35,30,40,120,70,105,400
Alakazam,No,PSYCHIC,No,50,45,55,135,95,120,500
Alakazam,Mega Alakazam,PSYCHIC,No,50,65,55,175,105,150,600
Machop,No,FIGHTING,No,80,50,70,35,35,35,305
Machoke,No,FIGHTING,No,100,70,80,50,60,45,405
Machamp,No,FIGHTING,No,130,80,90,65,85,55,505
Bellsprout,No,GRASS,POISON,75,35,50,70,30,40,300
Weepinbell,No,GRASS,POISON,90,50,65,85,45,55,390
Victreebel,No,GRASS,POISON,105,65,80,100,70,70,490
Tentacool,No,WATER,POISON,40,35,40,50,100,70,335
Tentacruel,No,WATER,POISON,70,65,80,80,120,100,515
Geodude,No,ROCK,GROUND,80,100,40,30,30,20,300
Geodude,Alolan Geodude,ROCK,ELECTRIC,80,100,40,30,30,20,300
Graveler,No,ROCK,GROUND,95,115,55,45,45,35,390
Graveler,Alolan Graveler,ROCK,ELECTRIC,95,115,55,45,45,35,390
Golem,No,ROCK,GROUND,120,130,80,55,65,45,495
Golem,Alolan Golem,ROCK,ELECTRIC,120,130,80,55,65,45,495
Ponyta,No,FIRE,No,85,55,50,65,65,90,410
Ponyta,Galarian Ponyta,PSYCHIC,No,85,55,50,65,65,90,410
Rapidash,No,FIRE,No,100,70,65,80,80,105,500
Rapidash,Galarian Rapidash,PSYCHIC,FAIRY,100,70,65,80,80,105,500
Slowpoke,No,WATER,PSYCHIC,65,65,90,40,40,15,315
Slowpoke,Galarian Slowpoke,PSYCHIC,No,65,65,90,40,40,15,315
Slowbro,No,WATER,PSYCHIC,75,110,95,100,80,30,490
Slowbro,Mega Slowbro,WATER,PSYCHIC,75,180,95,130,80,30,590
Slowbro,Galarian Slowbro,POISON,PSYCHIC,100,95,95,100,70,30,490
Magnemite,No,ELECTRIC,STEEL,35,70,25,95,55,45,325
Magneton,No,ELECTRIC,STEEL,60,95,50,120,70,70,465
Farfetchd,No,NORMAL,FLYING,90,55,52,58,62,60,377
Farfetchd,Galarian Farfetch'd,FIGHTING,No,95,55,52,58,62,55,377
Doduo,No,NORMAL,FLYING,85,45,35,35,35,75,310
Dodrio,No,NORMAL,FLYING,110,70,60,60,60,110,470
Seel,No,WATER,No,45,55,65,45,70,45,325
Dewgong,No,WATER,ICE,70,80,90,70,95,70,475
Grimer,No,POISON,No,80,50,80,40,50,25,325
Grimer,Alolan Grimer,POISON,DARK,80,50,80,40,50,25,325
Muk,No,POISON,No,105,75,105,65,100,50,500
Muk,Alolan Muk,POISON,DARK,105,75,105,65,100,50,500
Shellder,No,WATER,No,65,100,30,45,25,40,305
Cloyster,No,WATER,ICE,95,180,50,85,45,70,525
Gastly,No,GHOST,POISON,35,30,30,100,35,80,310
Haunter,No,GHOST,POISON,50,45,45,115,55,95,405
Gengar,No,GHOST,POISON,65,60,60,130,75,110,500
Gengar,Mega Gengar,GHOST,POISON,65,80,60,170,95,130,600
Onix,No,ROCK,GROUND,45,160,35,30,45,70,385
Drowzee,No,PSYCHIC,No,48,45,60,43,90,42,328
Hypno,No,PSYCHIC,No,73,70,85,73,115,67,483
Krabby,No,WATER,No,105,90,30,25,25,50,325
Kingler,No,WATER,No,130,115,55,50,50,75,475
Voltorb,No,ELECTRIC,No,30,50,40,55,55,100,330
Electrode,No,ELECTRIC,No,50,70,60,80,80,150,490
Exeggcute,No,GRASS,PSYCHIC,40,80,60,60,45,40,325
Exeggutor,No,GRASS,PSYCHIC,95,85,95,125,75,55,530
Exeggutor,Alolan Exeggutor,GRASS,DRAGON,105,85,95,125,75,45,530
Cubone,No,GROUND,No,50,95,50,40,50,35,320
Marowak,No,GROUND,No,80,110,60,50,80,45,425
Marowak,Alolan Marowak,FIRE,GHOST,80,110,60,50,80,45,425
Hitmonlee,No,FIGHTING,No,120,53,50,35,110,87,455
Hitmonchan,No,FIGHTING,No,105,79,50,35,110,76,455
Lickitung,No,NORMAL,No,55,75,90,60,75,30,385
Koffing,No,POISON,No,65,95,40,60,45,35,340
Weezing,No,POISON,No,90,120,65,85,70,60,490
Weezing,Galarian Weezing,POISON,FAIRY,90,120,65,85,70,60,490
Rhyhorn,No,GROUND,ROCK,85,95,80,30,30,25,345
Rhydon,No,GROUND,ROCK,130,120,105,45,45,40,485
Chansey,No,NORMAL,No,5,5,250,35,105,50,450
Tangela,No,GRASS,No,55,115,65,100,40,60,435
Kangaskhan,No,NORMAL,No,95,80,105,40,80,90,490
Kangaskhan,Mega Kangaskhan,NORMAL,No,125,100,105,60,100,100,590
Horsea,No,WATER,No,40,70,30,70,25,60,295
Seadra,No,WATER,No,65,95,55,95,45,85,440
Goldeen,No,WATER,No,67,60,45,35,50,63,320
Seaking,No,WATER,No,92,65,80,65,80,68,450
Staryu,No,WATER,No,45,55,30,70,55,85,340
Starmie,No,WATER,PSYCHIC,75,85,60,100,85,115,520
Mr. Mime,No,PSYCHIC,FAIRY,45,65,40,100,120,90,460
Mr. Mime,Galarian Mr. Mime,ICE,PSYCHIC,65,65,50,90,90,100,460
Scyther,No,BUG,FLYING,110,80,70,55,80,105,500
Jynx,No,ICE,PSYCHIC,50,35,65,115,95,95,455
Electabuzz,No,ELECTRIC,No,83,57,65,95,85,105,490
Magmar,No,FIRE,No,95,57,65,100,85,93,495
Pinsir,No,BUG,No,125,100,65,55,70,85,500
Pinsir,Mega Pinsir,BUG,FLYING,155,120,65,65,90,105,600
Tauros,No,NORMAL,No,100,95,75,40,70,110,490
Magikarp,No,WATER,No,10,55,20,15,20,80,200
Gyarados,No,WATER,FLYING,125,79,95,60,100,81,540
Gyarados,Mega Gyarados,WATER,DARK,155,109,95,70,130,81,640
Lapras,No,WATER,ICE,85,80,130,85,95,60,535
Ditto,No,NORMAL,No,48,48,48,48,48,48,288
Eevee,No,NORMAL,No,55,50,55,45,65,55,325
Eevee,Partner Eevee,NORMAL,No,75,70,65,65,85,75,435
Vaporeon,No,WATER,No,65,60,130,110,95,65,525
Jolteon,No,ELECTRIC,No,65,60,65,110,95,130,525
Flareon,No,FIRE,No,130,60,65,95,110,65,525
Porygon,No,NORMAL,No,60,70,65,85,75,40,395
Omanyte,No,ROCK,WATER,40,100,35,90,55,35,355
Omastar,No,ROCK,WATER,60,125,70,115,70,55,495
Kabuto,No,ROCK,WATER,80,90,30,55,45,55,355
Kabutops,No,ROCK,WATER,115,105,60,65,70,80,495
Aerodactyl,No,ROCK,FLYING,105,65,80,60,75,130,515
Aerodactyl,Mega Aerodactyl,ROCK,FLYING,135,85,80,70,95,150,615
Snorlax,No,NORMAL,No,110,65,160,65,110,30,540
Articuno,No,ICE,FLYING,85,100,90,95,125,85,580
Articuno,Galarian Articuno,PSYCHIC,FLYING,85,85,90,125,100,95,580
Zapdos,No,ELECTRIC,FLYING,90,85,90,125,90,100,580
Zapdos,Galarian Zapdos,FIGHTING,FLYING,125,90,90,85,90,100,580
Moltres,No,FIRE,FLYING,100,90,90,125,85,90,580
Moltres,Galarian Moltres,DARK,FLYING,85,90,90,100,125,90,580
Dratini,No,DRAGON,No,64,45,41,50,50,50,300
Dragonair,No,DRAGON,No,84,65,61,70,70,70,420
Dragonite,No,DRAGON,FLYING,134,95,91,100,100,80,600
Mewtwo,No,PSYCHIC,No,110,90,106,154,90,130,680
Mewtwo,Mega Mewtwo X,PSYCHIC,FIGHTING,190,100,106,154,100,130,780
Mewtwo,Mega Mewtwo Y,PSYCHIC,No,150,70,106,194,120,140,780
Mew,No,PSYCHIC,No,100,100,100,100,100,100,600
Chikorita,No,GRASS,No,49,65,45,49,65,45,318
Bayleef,No,GRASS,No,62,80,60,63,80,60,405
Meganium,No,GRASS,No,82,100,80,83,100,80,525
Cyndaquil,No,FIRE,No,52,43,39,60,50,65,309
Quilava,No,FIRE,No,64,58,58,80,65,80,405
Typhlosion,No,FIRE,No,84,78,78,109,85,100,534
Totodile,No,WATER,No,65,64,50,44,48,43,314
Croconaw,No,WATER,No,80,80,65,59,63,58,405
Feraligatr,No,WATER,No,105,100,85,79,83,78,530
Sentret,No,NORMAL,No,46,34,35,35,45,20,215
Furret,No,NORMAL,No,76,64,85,45,55,90,415
Hoothoot,No,NORMAL,FLYING,30,30,60,36,56,50,262
Noctowl,No,NORMAL,FLYING,50,50,100,86,96,70,452
Ledyba,No,BUG,FLYING,20,30,40,40,80,55,265
Ledian,No,BUG,FLYING,35,50,55,55,110,85,390
Spinarak,No,BUG,POISON,60,40,40,40,40,30,250
Ariados,No,BUG,POISON,90,70,70,60,70,40,400
Crobat,No,POISON,FLYING,90,80,85,70,80,130,535
Chinchou,No,WATER,ELECTRIC,38,38,75,56,56,67,330
Lanturn,No,WATER,ELECTRIC,58,58,125,76,76,67,460
Pichu,No,ELECTRIC,No,40,15,20,35,35,60,205
Cleffa,No,FAIRY,No,25,28,50,45,55,15,218
Igglybuff,No,NORMAL,FAIRY,30,15,90,40,20,15,210
Togepi,No,FAIRY,No,20,65,35,40,65,20,245
Togetic,No,FAIRY,FLYING,40,85,55,80,105,40,405
Natu,No,PSYCHIC,FLYING,50,45,40,70,45,70,320
Xatu,No,PSYCHIC,FLYING,75,70,65,95,70,95,470
Mareep,No,ELECTRIC,No,40,40,55,65,45,35,280
Flaaffy,No,ELECTRIC,No,55,55,70,80,60,45,365
Ampharos,No,ELECTRIC,No,75,85,90,115,90,55,510
Ampharos,Mega Ampharos,ELECTRIC,DRAGON,95,105,90,165,110,45,610
Bellossom,No,GRASS,No,80,95,75,90,100,50,490
Marill,No,WATER,FAIRY,20,50,70,20,50,40,250
Azumarill,No,WATER,FAIRY,50,80,100,60,80,50,420
Sudowoodo,No,ROCK,No,100,115,70,30,65,30,410
Politoed,No,WATER,No,75,75,90,90,100,70,500
Hoppip,No,GRASS,FLYING,35,40,35,35,55,50,250
Skiploom,No,GRASS,FLYING,45,50,55,45,65,80,340
Jumpluff,No,GRASS,FLYING,55,70,75,55,95,110,460
Aipom,No,NORMAL,No,70,55,55,40,55,85,360
Sunkern,No,GRASS,No,30,30,30,30,30,30,180
Sunflora,No,GRASS,No,75,55,75,105,85,30,425
Yanma,No,BUG,FLYING,65,45,65,75,45,95,390
Wooper,No,WATER,GROUND,45,45,55,25,25,15,210
Quagsire,No,WATER,GROUND,85,85,95,65,65,35,430
Espeon,No,PSYCHIC,No,65,60,65,130,95,110,525
Umbreon,No,DARK,No,65,110,95,60,130,65,525
Murkrow,No,DARK,FLYING,85,42,60,85,42,91,405
Slowking,No,WATER,PSYCHIC,75,80,95,100,110,30,490
Slowking,Galarian Slowking,POISON,PSYCHIC,65,80,95,110,110,30,490
Misdreavus,No,GHOST,No,60,60,60,85,85,85,435
Unown,No,PSYCHIC,No,72,48,48,72,48,48,336
Wobbuffet,No,PSYCHIC,No,33,58,190,33,58,33,405
Girafarig,No,NORMAL,PSYCHIC,80,65,70,90,65,85,455
Pineco,No,BUG,No,65,90,50,35,35,15,290
Forretress,No,BUG,STEEL,90,140,75,60,60,40,465
Dunsparce,No,NORMAL,No,70,70,100,65,65,45,415
Gligar,No,GROUND,FLYING,75,105,65,35,65,85,430
Steelix,No,STEEL,GROUND,85,200,75,55,65,30,510
Steelix,Mega Steelix,STEEL,GROUND,125,230,75,55,95,30,610
Snubbull,No,FAIRY,No,80,50,60,40,40,30,300
Granbull,No,FAIRY,No,120,75,90,60,60,45,450
Qwilfish,No,WATER,POISON,95,85,65,55,55,85,440
Scizor,No,BUG,STEEL,130,100,70,55,80,65,500
Scizor,Mega Scizor,BUG,STEEL,150,140,70,65,100,75,600
Shuckle,No,BUG,ROCK,10,230,20,10,230,5,505
Heracross,No,BUG,FIGHTING,125,75,80,40,95,85,500
Heracross,Mega Heracross,BUG,FIGHTING,185,115,80,40,105,75,600
Sneasel,No,DARK,ICE,95,55,55,35,75,115,430
Teddiursa,No,NORMAL,No,80,50,60,50,50,40,330
Ursaring,No,NORMAL,No,130,75,90,75,75,55,500
Slugma,No,FIRE,No,40,40,40,70,40,20,250
Magcargo,No,FIRE,ROCK,50,120,60,90,80,30,430
Swinub,No,ICE,GROUND,50,40,50,30,30,50,250
Piloswine,No,ICE,GROUND,100,80,100,60,60,50,450
Corsola,No,WATER,ROCK,55,95,65,65,95,35,410
Corsola,Galarian Corsola,GHOST,No,55,100,60,65,100,30,410
Remoraid,No,WATER,No,65,35,35,65,35,65,300
Octillery,No,WATER,No,105,75,75,105,75,45,480
Delibird,No,ICE,FLYING,55,45,45,65,45,75,330
Mantine,No,WATER,FLYING,40,70,85,80,140,70,485
Skarmory,No,STEEL,FLYING,80,140,65,40,70,70,465
Houndour,No,DARK,FIRE,60,30,45,80,50,65,330
Houndoom,No,DARK,FIRE,90,50,75,110,80,95,500
Houndoom,Mega Houndoom,DARK,FIRE,90,90,75,140,90,115,600
Kingdra,No,WATER,DRAGON,95,95,75,95,95,85,540
Phanpy,No,GROUND,No,60,60,90,40,40,40,330
Donphan,No,GROUND,No,120,120,90,60,60,50,500
Porygon2,No,NORMAL,No,80,90,85,105,95,60,515
Stantler,No,NORMAL,No,95,62,73,85,65,85,465
Smeargle,No,NORMAL,No,20,35,55,20,45,75,250
Tyrogue,No,FIGHTING,No,35,35,35,35,35,35,210
Hitmontop,No,FIGHTING,No,95,95,50,35,110,70,455
Smoochum,No,ICE,PSYCHIC,30,15,45,85,65,65,305
Elekid,No,ELECTRIC,No,63,37,45,65,55,95,360
Magby,No,FIRE,No,75,37,45,70,55,83,365
Miltank,No,NORMAL,No,80,105,95,40,70,100,490
Blissey,No,NORMAL,No,10,10,255,75,135,55,540
Raikou,No,ELECTRIC,No,85,75,90,115,100,115,580
Entei,No,FIRE,No,115,85,115,90,75,100,580
Suicune,No,WATER,No,75,115,100,90,115,85,580
Larvitar,No,ROCK,GROUND,64,50,50,45,50,41,300
Pupitar,No,ROCK,GROUND,84,70,70,65,70,51,410
Tyranitar,No,ROCK,DARK,134,110,100,95,100,61,600
Tyranitar,Mega Tyranitar,ROCK,DARK,164,150,100,95,120,71,700
Lugia,No,PSYCHIC,FLYING,90,130,106,90,154,110,680
Ho-oh,No,FIRE,FLYING,130,90,106,110,154,90,680
Celebi,No,PSYCHIC,GRASS,100,100,100,100,100,100,600
Treecko,No,GRASS,No,45,35,40,65,55,70,310
Grovyle,No,GRASS,No,65,45,50,85,65,95,405
Sceptile,No,GRASS,No,85,65,70,105,85,120,530
Sceptile,Mega Sceptile,GRASS,DRAGON,110,75,70,145,85,145,630
Torchic,No,FIRE,No,60,40,45,70,50,45,310
Combusken,No,FIRE,FIGHTING,85,60,60,85,60,55,405
Blaziken,No,FIRE,FIGHTING,120,70,80,110,70,80,530
Blaziken,Mega Blaziken,FIRE,FIGHTING,160,80,80,130,80,100,630
Mudkip,No,WATER,No,70,50,50,50,50,40,310
Marshtomp,No,WATER,GROUND,85,70,70,60,70,50,405
Swampert,No,WATER,GROUND,110,90,100,85,90,60,535
Swampert,Mega Swampert,WATER,GROUND,150,110,100,95,110,70,635
Poochyena,No,DARK,No,55,35,35,30,30,35,220
Mightyena,No,DARK,No,90,70,70,60,60,70,420
Zigzagoon,No,NORMAL,No,30,41,38,30,41,60,240
Zigzagoon,Galarian Zigzagoon,DARK,NORMAL,30,41,38,30,41,60,240
Linoone,No,NORMAL,No,70,61,78,50,61,100,420
Linoone,Galarian Linoone,DARK,NORMAL,70,61,78,50,61,100,420
Wurmple,No,BUG,No,45,35,45,20,30,20,195
Silcoon,No,BUG,No,35,55,50,25,25,15,205
Beautifly,No,BUG,FLYING,70,50,60,100,50,65,395
Cascoon,No,BUG,No,35,55,50,25,25,15,205
Dustox,No,BUG,POISON,50,70,60,50,90,65,385
Lotad,No,WATER,GRASS,30,30,40,40,50,30,220
Lombre,No,WATER,GRASS,50,50,60,60,70,50,340
Ludicolo,No,WATER,GRASS,70,70,80,90,100,70,480
Seedot,No,GRASS,No,40,50,40,30,30,30,220
Nuzleaf,No,GRASS,DARK,70,40,70,60,40,60,340
Shiftry,No,GRASS,DARK,100,60,90,90,60,80,480
Taillow,No,NORMAL,FLYING,55,30,40,30,30,85,270
Swellow,No,NORMAL,FLYING,85,60,60,75,50,125,455
Wingull,No,WATER,FLYING,30,30,40,55,30,85,270
Pelipper,No,WATER,FLYING,50,100,60,95,70,65,440
Ralts,No,PSYCHIC,FAIRY,25,25,28,45,35,40,198
Kirlia,No,PSYCHIC,FAIRY,35,35,38,65,55,50,278
Gardevoir,No,PSYCHIC,FAIRY,65,65,68,125,115,80,518
Gardevoir,Mega Gardevoir,PSYCHIC,FAIRY,85,65,68,165,135,100,618
Surskit,No,BUG,WATER,30,32,40,50,52,65,269
Masquerain,No,BUG,FLYING,60,62,70,100,82,80,454
Shroomish,No,GRASS,No,40,60,60,40,60,35,295
Breloom,No,GRASS,FIGHTING,130,80,60,60,60,70,460
Slakoth,No,NORMAL,No,60,60,60,35,35,30,280
Vigoroth,No,NORMAL,No,80,80,80,55,55,90,440
Slaking,No,NORMAL,No,160,100,150,95,65,100,670
Nincada,No,BUG,GROUND,45,90,31,30,30,40,266
Ninjask,No,BUG,FLYING,90,45,61,50,50,160,456
Shedinja,No,BUG,GHOST,90,45,1,30,30,40,236
Whismur,No,NORMAL,No,51,23,64,51,23,28,240
Loudred,No,NORMAL,No,71,43,84,71,43,48,360
Exploud,No,NORMAL,No,91,63,104,91,73,68,490
Makuhita,No,FIGHTING,No,60,30,72,20,30,25,237
Hariyama,No,FIGHTING,No,120,60,144,40,60,50,474
Azurill,No,NORMAL,FAIRY,20,40,50,20,40,20,190
Nosepass,No,ROCK,No,45,135,30,45,90,30,375
Skitty,No,NORMAL,No,45,45,50,35,35,50,260
Delcatty,No,NORMAL,No,65,65,70,55,55,90,400
Sableye,No,DARK,GHOST,75,75,50,65,65,50,380
Sableye,Mega Sableye,DARK,GHOST,85,125,50,85,115,20,480
Mawile,No,STEEL,FAIRY,85,85,50,55,55,50,380
Mawile,Mega Mawile,STEEL,FAIRY,105,125,50,55,95,50,480
Aron,No,STEEL,ROCK,70,100,50,40,40,30,330
Lairon,No,STEEL,ROCK,90,140,60,50,50,40,430
Aggron,No,STEEL,ROCK,110,180,70,60,60,50,530
Aggron,Mega Aggron,STEEL,No,140,230,70,60,80,50,630
Meditite,No,FIGHTING,PSYCHIC,40,55,30,40,55,60,280
Medicham,No,FIGHTING,PSYCHIC,60,75,60,60,75,80,410
Medicham,Mega Medicham,FIGHTING,PSYCHIC,100,85,60,80,85,100,510
Electrike,No,ELECTRIC,No,45,40,40,65,40,65,295
Manectric,No,ELECTRIC,No,75,60,70,105,60,105,475
Manectric,Mega Manectric,ELECTRIC,No,75,80,70,135,80,135,575
Plusle,No,ELECTRIC,No,50,40,60,85,75,95,405
Minun,No,ELECTRIC,No,40,50,60,75,85,95,405
Volbeat,No,BUG,No,73,75,65,47,85,85,430
Illumise,No,BUG,No,47,75,65,73,85,85,430
Roselia,No,GRASS,POISON,60,45,50,100,80,65,400
Gulpin,No,POISON,No,43,53,70,43,53,40,302
Swalot,No,POISON,No,73,83,100,73,83,55,467
Carvanha,No,WATER,DARK,90,20,45,65,20,65,305
Sharpedo,No,WATER,DARK,120,40,70,95,40,95,460
Sharpedo,Mega Sharpedo,WATER,DARK,140,70,70,110,65,105,560
Wailmer,No,WATER,No,70,35,130,70,35,60,400
Wailord,No,WATER,No,90,45,170,90,45,60,500
Numel,No,FIRE,GROUND,60,40,60,65,45,35,305
Camerupt,No,FIRE,GROUND,100,70,70,105,75,40,460
Camerupt,Mega Camerupt,FIRE,GROUND,120,100,70,145,105,20,560
Torkoal,No,FIRE,No,85,140,70,85,70,20,470
Spoink,No,PSYCHIC,No,25,35,60,70,80,60,330
Grumpig,No,PSYCHIC,No,45,65,80,90,110,80,470
Spinda,No,NORMAL,No,60,60,60,60,60,60,360
Trapinch,No,GROUND,No,100,45,45,45,45,10,290
Vibrava,No,GROUND,DRAGON,70,50,50,50,50,70,340
Flygon,No,GROUND,DRAGON,100,80,80,80,80,100,520
Cacnea,No,GRASS,No,85,40,50,85,40,35,335
Cacturne,No,GRASS,DARK,115,60,70,115,60,55,475
Swablu,No,NORMAL,FLYING,40,60,45,40,75,50,310
Altaria,No,DRAGON,FLYING,70,90,75,70,105,80,490
Altaria,Mega Altaria,DRAGON,FAIRY,110,110,75,110,105,80,590
Zangoose,No,NORMAL,No,115,60,73,60,60,90,458
Seviper,No,POISON,No,100,60,73,100,60,65,458
Lunatone,No,ROCK,PSYCHIC,55,65,90,95,85,70,460
Solrock,No,ROCK,PSYCHIC,95,85,90,55,65,70,460
Barboach,No,WATER,GROUND,48,43,50,46,41,60,288
Whiscash,No,WATER,GROUND,78,73,110,76,71,60,468
Corphish,No,WATER,No,80,65,43,50,35,35,308
Crawdaunt,No,WATER,DARK,120,85,63,90,55,55,468
Baltoy,No,GROUND,PSYCHIC,40,55,40,40,70,55,300
Claydol,No,GROUND,PSYCHIC,70,105,60,70,120,75,500
Lileep,No,ROCK,GRASS,41,77,66,61,87,23,355
Cradily,No,ROCK,GRASS,81,97,86,81,107,43,495
Anorith,No,ROCK,BUG,95,50,45,40,50,75,355
Armaldo,No,ROCK,BUG,125,100,75,70,80,45,495
Feebas,No,WATER,No,15,20,20,10,55,80,200
Milotic,No,WATER,No,60,79,95,100,125,81,540
Castform,No,NORMAL,No,70,70,70,70,70,70,420
Castform,Sunny Form,FIRE,No,70,70,70,70,70,70,420
Castform,Rainy Form,WATER,No,70,70,70,70,70,70,420
Castform,Snowy Form,ICE,No,70,70,70,70,70,70,420
Kecleon,No,NORMAL,No,90,70,60,60,120,40,440
Shuppet,No,GHOST,No,75,35,44,63,33,45,295
Banette,No,GHOST,No,115,65,64,83,63,65,455
Banette,Mega Banette,GHOST,No,165,75,64,93,83,75,555
Duskull,No,GHOST,No,40,90,20,30,90,25,295
Dusclops,No,GHOST,No,70,130,40,60,130,25,455
Tropius,No,GRASS,FLYING,68,83,99,72,87,51,460
Chimecho,No,PSYCHIC,No,50,80,75,95,90,65,455
Absol,No,DARK,No,130,60,65,75,60,75,465
Absol,Mega Absol,DARK,No,150,60,65,115,60,115,565
Wynaut,No,PSYCHIC,No,23,48,95,23,48,23,260
Snorunt,No,ICE,No,50,50,50,50,50,50,300
Glalie,No,ICE,No,80,80,80,80,80,80,480
Glalie,Mega Glalie,ICE,No,120,80,80,120,80,100,580
Spheal,No,ICE,WATER,40,50,70,55,50,25,290
Sealeo,No,ICE,WATER,60,70,90,75,70,45,410
Walrein,No,ICE,WATER,80,90,110,95,90,65,530
Clamperl,No,WATER,No,64,85,35,74,55,32,345
Huntail,No,WATER,No,104,105,55,94,75,52,485
Gorebyss,No,WATER,No,84,105,55,114,75,52,485
Relicanth,No,WATER,ROCK,90,130,100,45,65,55,485
Luvdisc,No,WATER,No,30,55,43,40,65,97,330
Bagon,No,DRAGON,No,75,60,45,40,30,50,300
Shelgon,No,DRAGON,No,95,100,65,60,50,50,420
Salamence,No,DRAGON,FLYING,135,80,95,110,80,100,600
Salamence,Mega Salamence,DRAGON,FLYING,145,130,95,120,90,120,700
Beldum,No,STEEL,PSYCHIC,55,80,40,35,60,30,300
Metang,No,STEEL,PSYCHIC,75,100,60,55,80,50,420
Metagross,No,STEEL,PSYCHIC,135,130,80,95,90,70,600
Metagross,Mega Metagross,STEEL,PSYCHIC,145,150,80,105,110,110,700
Regirock,No,ROCK,No,100,200,80,50,100,50,580
Regice,No,ICE,No,50,100,80,100,200,50,580
Registeel,No,STEEL,No,75,150,80,75,150,50,580
Latias,No,DRAGON,PSYCHIC,80,90,80,110,130,110,600
Latias,Mega Latias,DRAGON,PSYCHIC,100,120,80,140,150,110,700
Latios,No,DRAGON,PSYCHIC,90,80,80,130,110,110,600
Latios,Mega Latios,DRAGON,PSYCHIC,130,100,80,160,120,110,700
Kyogre,No,WATER,No,100,90,100,150,140,90,670
Kyogre,Primal Kyogre,WATER,No,150,90,100,180,160,90,770
Groudon,No,GROUND,No,150,140,100,100,90,90,670
Groudon,Primal Groudon,GROUND,FIRE,180,160,100,150,90,90,770
Rayquaza,No,DRAGON,FLYING,150,90,105,150,90,95,680
Rayquaza,Mega Rayquaza,DRAGON,FLYING,180,100,105,180,100,115,780
Jirachi,No,STEEL,PSYCHIC,100,100,100,100,100,100,600
Deoxys,Normal Forme,PSYCHIC,No,150,50,50,150,50,150,600
Deoxys,Attack Forme,PSYCHIC,No,180,20,50,180,20,150,600
Deoxys,Defense Forme,PSYCHIC,No,70,160,50,70,160,90,600
Deoxys,Speed Forme,PSYCHIC,No,95,90,50,95,90,180,600
Turtwig,No,GRASS,No,68,64,55,45,55,31,318
Grotle,No,GRASS,No,89,85,75,55,65,36,405
Torterra,No,GRASS,GROUND,109,105,95,75,85,56,525
Chimchar,No,FIRE,No,58,44,44,58,44,61,309
Monferno,No,FIRE,FIGHTING,78,52,64,78,52,81,405
Infernape,No,FIRE,FIGHTING,104,71,76,104,71,108,534
Piplup,No,WATER,No,51,53,53,61,56,40,314
Prinplup,No,WATER,No,66,68,64,81,76,50,405
Empoleon,No,WATER,STEEL,86,88,84,111,101,60,530
Starly,No,NORMAL,FLYING,55,30,40,30,30,60,245
Staravia,No,NORMAL,FLYING,75,50,55,40,40,80,340
Staraptor,No,NORMAL,FLYING,120,70,85,50,60,100,485
Bidoof,No,NORMAL,No,45,40,59,35,40,31,250
Bibarel,No,NORMAL,WATER,85,60,79,55,60,71,410
Kricketot,No,BUG,No,25,41,37,25,41,25,194
Kricketune,No,BUG,No,85,51,77,55,51,65,384
Shinx,No,ELECTRIC,No,65,34,45,40,34,45,263
Luxio,No,ELECTRIC,No,85,49,60,60,49,60,363
Luxray,No,ELECTRIC,No,120,79,80,95,79,70,523
Budew,No,GRASS,POISON,30,35,40,50,70,55,280
Roserade,No,GRASS,POISON,70,65,60,125,105,90,515
Cranidos,No,ROCK,No,125,40,67,30,30,58,350
Rampardos,No,ROCK,No,165,60,97,65,50,58,495
Shieldon,No,ROCK,STEEL,42,118,30,42,88,30,350
Bastiodon,No,ROCK,STEEL,52,168,60,47,138,30,495
Burmy,No,BUG,No,29,45,40,29,45,36,224
Wormadam,Plant Cloak,BUG,GRASS,59,85,60,79,105,36,424
Wormadam,Sandy Cloak,BUG,GROUND,79,105,60,59,85,36,424
Wormadam,Trash Cloak,BUG,STEEL,69,95,60,69,95,36,424
Mothim,No,BUG,FLYING,94,50,70,94,50,66,424
Combee,No,BUG,FLYING,30,42,30,30,42,70,244
Vespiquen,No,BUG,FLYING,80,102,70,80,102,40,474
Pachirisu,No,ELECTRIC,No,45,70,60,45,90,95,405
Buizel,No,WATER,No,65,35,55,60,30,85,330
Floatzel,No,WATER,No,105,55,85,85,50,115,495
Cherubi,No,GRASS,No,35,45,45,62,53,35,275
Cherrim,No,GRASS,No,60,70,70,87,78,85,450
Shellos,No,WATER,No,48,48,76,57,62,34,325
Gastrodon,No,WATER,GROUND,83,68,111,92,82,39,475
Ambipom,No,NORMAL,No,100,66,75,60,66,115,482
Drifloon,No,GHOST,FLYING,50,34,90,60,44,70,348
Drifblim,No,GHOST,FLYING,80,44,150,90,54,80,498
Buneary,No,NORMAL,No,66,44,55,44,56,85,350
Lopunny,No,NORMAL,No,76,84,65,54,96,105,480
Lopunny,Mega Lopunny,NORMAL,FIGHTING,136,94,65,54,96,135,580
Mismagius,No,GHOST,No,60,60,60,105,105,105,495
Honchkrow,No,DARK,FLYING,125,52,100,105,52,71,505
Glameow,No,NORMAL,No,55,42,49,42,37,85,310
Purugly,No,NORMAL,No,82,64,71,64,59,112,452
Chingling,No,PSYCHIC,No,30,50,45,65,50,45,285
Stunky,No,POISON,DARK,63,47,63,41,41,74,329
Skuntank,No,POISON,DARK,93,67,103,71,61,84,479
Bronzor,No,STEEL,PSYCHIC,24,86,57,24,86,23,300
Bronzong,No,STEEL,PSYCHIC,89,116,67,79,116,33,500
Bonsly,No,ROCK,No,80,95,50,10,45,10,290
Mime Jr.,No,PSYCHIC,FAIRY,25,45,20,70,90,60,310
Happiny,No,NORMAL,No,5,5,100,15,65,30,220
Chatot,No,NORMAL,FLYING,65,45,76,92,42,91,411
Spiritomb,No,GHOST,DARK,92,108,50,92,108,35,485
Gible,No,DRAGON,GROUND,70,45,58,40,45,42,300
Gabite,No,DRAGON,GROUND,90,65,68,50,55,82,410
Garchomp,No,DRAGON,GROUND,130,95,108,80,85,102,600
Garchomp,Mega Garchomp,DRAGON,GROUND,170,115,108,120,95,92,700
Munchlax,No,NORMAL,No,85,40,135,40,85,5,390
Riolu,No,FIGHTING,No,70,40,40,35,40,60,285
Lucario,No,FIGHTING,STEEL,110,70,70,115,70,90,525
Lucario,Mega Lucario,FIGHTING,STEEL,145,88,70,140,70,112,625
Hippopotas,No,GROUND,No,72,78,68,38,42,32,330
Hippowdon,No,GROUND,No,112,118,108,68,72,47,525
Skorupi,No,POISON,BUG,50,90,40,30,55,65,330
Drapion,No,POISON,DARK,90,110,70,60,75,95,500
Croagunk,No,POISON,FIGHTING,61,40,48,61,40,50,300
Toxicroak,No,POISON,FIGHTING,106,65,83,86,65,85,490
Carnivine,No,GRASS,No,100,72,74,90,72,46,454
Finneon,No,WATER,No,49,56,49,49,61,66,330
Lumineon,No,WATER,No,69,76,69,69,86,91,460
Mantyke,No,WATER,FLYING,20,50,45,60,120,50,345
Snover,No,GRASS,ICE,62,50,60,62,60,40,334
Abomasnow,No,GRASS,ICE,92,75,90,92,85,60,494
Abomasnow,Mega Abomasnow,GRASS,ICE,132,105,90,132,105,30,594
Weavile,No,DARK,ICE,120,65,70,45,85,125,510
Magnezone,No,ELECTRIC,STEEL,70,115,70,130,90,60,535
Lickilicky,No,NORMAL,No,85,95,110,80,95,50,515
Rhyperior,No,GROUND,ROCK,140,130,115,55,55,40,535
Tangrowth,No,GRASS,No,100,125,100,110,50,50,535
Electivire,No,ELECTRIC,No,123,67,75,95,85,95,540
Magmortar,No,FIRE,No,95,67,75,125,95,83,540
Togekiss,No,FAIRY,FLYING,50,95,85,120,115,80,545
Yanmega,No,BUG,FLYING,76,86,86,116,56,95,515
Leafeon,No,GRASS,No,110,130,65,60,65,95,525
Glaceon,No,ICE,No,60,110,65,130,95,65,525
Gliscor,No,GROUND,FLYING,95,125,75,45,75,95,510
Mamoswine,No,ICE,GROUND,130,80,110,70,60,80,530
Porygon-Z,No,NORMAL,No,80,70,85,135,75,90,535
Gallade,No,PSYCHIC,FIGHTING,125,65,68,65,115,80,518
Gallade,Mega Gallade,PSYCHIC,FIGHTING,165,95,68,65,115,110,618
Probopass,No,ROCK,STEEL,55,145,60,75,150,40,525
Dusknoir,No,GHOST,No,100,135,45,65,135,45,525
Froslass,No,ICE,GHOST,80,70,70,80,70,110,480
Rotom,No,ELECTRIC,GHOST,50,77,50,95,77,91,440
Rotom,Heat Rotom,ELECTRIC,FIRE,65,107,50,105,107,86,520
Rotom,Wash Rotom,ELECTRIC,WATER,65,107,50,105,107,86,520
Rotom,Frost Rotom,ELECTRIC,ICE,65,107,50,105,107,86,520
Rotom,Fan Rotom,ELECTRIC,FLYING,65,107,50,105,107,86,520
Rotom,Mow Rotom,ELECTRIC,GRASS,65,107,50,105,107,86,520
Uxie,No,PSYCHIC,No,75,130,75,75,130,95,580
Mesprit,No,PSYCHIC,No,105,105,80,105,105,80,580
Azelf,No,PSYCHIC,No,125,70,75,125,70,115,580
Dialga,No,STEEL,DRAGON,120,120,100,150,100,90,680
Palkia,No,WATER,DRAGON,120,100,90,150,120,100,680
Heatran,No,FIRE,STEEL,90,106,91,130,106,77,600
Regigigas,No,NORMAL,No,160,110,110,80,110,100,670
Giratina,Altered Forme,GHOST,DRAGON,100,120,150,100,120,90,680
Giratina,Origin Forme,GHOST,DRAGON,120,100,150,120,100,90,680
Cresselia,No,PSYCHIC,No,70,120,120,75,130,85,600
Phione,No,WATER,No,80,80,80,80,80,80,480
Manaphy,No,WATER,No,100,100,100,100,100,100,600
Darkrai,No,DARK,No,90,90,70,135,90,125,600
Shaymin,Land Forme,GRASS,No,100,100,100,100,100,100,600
Shaymin,Sky Forme,GRASS,FLYING,103,75,100,120,75,127,600
Arceus,No,NORMAL,No,120,120,120,120,120,120,720
Victini,No,PSYCHIC,FIRE,100,100,100,100,100,100,600
Snivy,No,GRASS,No,45,55,45,45,55,63,308
Servine,No,GRASS,No,60,75,60,60,75,83,413
Serperior,No,GRASS,No,75,95,75,75,95,113,528
Tepig,No,FIRE,No,63,45,65,45,45,45,308
Pignite,No,FIRE,FIGHTING,93,55,90,70,55,55,418
Emboar,No,FIRE,FIGHTING,123,65,110,100,65,65,528
Oshawott,No,WATER,No,55,45,55,63,45,45,308
Dewott,No,WATER,No,75,60,75,83,60,60,413
Samurott,No,WATER,No,100,85,95,108,70,70,528
Patrat,No,NORMAL,No,55,39,45,35,39,42,255
Watchog,No,NORMAL,No,85,69,60,60,69,77,420
Lillipup,No,NORMAL,No,60,45,45,25,45,55,275
Herdier,No,NORMAL,No,80,65,65,35,65,60,370
Stoutland,No,NORMAL,No,110,90,85,45,90,80,500
Purrloin,No,DARK,No,50,37,41,50,37,66,281
Liepard,No,DARK,No,88,50,64,88,50,106,446
Pansage,No,GRASS,No,53,48,50,53,48,64,316
Simisage,No,GRASS,No,98,63,75,98,63,101,498
Pansear,No,FIRE,No,53,48,50,53,48,64,316
Simisear,No,FIRE,No,98,63,75,98,63,101,498
Panpour,No,WATER,No,53,48,50,53,48,64,316
Simipour,No,WATER,No,98,63,75,98,63,101,498
Munna,No,PSYCHIC,No,25,45,76,67,55,24,292
Musharna,No,PSYCHIC,No,55,85,116,107,95,29,487
Pidove,No,NORMAL,FLYING,55,50,50,36,30,43,264
Tranquill,No,NORMAL,FLYING,77,62,62,50,42,65,358
Unfezant,No,NORMAL,FLYING,115,80,80,65,55,93,488
Blitzle,No,ELECTRIC,No,60,32,45,50,32,76,295
Zebstrika,No,ELECTRIC,No,100,63,75,80,63,116,497
Roggenrola,No,ROCK,No,75,85,55,25,25,15,280
Boldore,No,ROCK,No,105,105,70,50,40,20,390
Gigalith,No,ROCK,No,135,130,85,60,80,25,515
Woobat,No,PSYCHIC,FLYING,45,43,65,55,43,72,323
Swoobat,No,PSYCHIC,FLYING,57,55,67,77,55,114,425
Drilbur,No,GROUND,No,85,40,60,30,45,68,328
Excadrill,No,GROUND,STEEL,135,60,110,50,65,88,508
Audino,No,NORMAL,No,60,86,103,60,86,50,445
Audino,Mega Audino,NORMAL,FAIRY,60,126,103,80,126,50,545
Timburr,No,FIGHTING,No,80,55,75,25,35,35,305
Gurdurr,No,FIGHTING,No,105,85,85,40,50,40,405
Conkeldurr,No,FIGHTING,No,140,95,105,55,65,45,505
Tympole,No,WATER,No,50,40,50,50,40,64,294
Palpitoad,No,WATER,GROUND,65,55,75,65,55,69,384
Seismitoad,No,WATER,GROUND,95,75,105,85,75,74,509
Throh,No,FIGHTING,No,100,85,120,30,85,45,465
Sawk,No,FIGHTING,No,125,75,75,30,75,85,465
Sewaddle,No,BUG,GRASS,53,70,45,40,60,42,310
Swadloon,No,BUG,GRASS,63,90,55,50,80,42,380
Leavanny,No,BUG,GRASS,103,80,75,70,80,92,500
Venipede,No,BUG,POISON,45,59,30,30,39,57,260
Whirlipede,No,BUG,POISON,55,99,40,40,79,47,360
Scolipede,No,BUG,POISON,100,89,60,55,69,112,485
Cottonee,No,GRASS,FAIRY,27,60,40,37,50,66,280
Whimsicott,No,GRASS,FAIRY,67,85,60,77,75,116,480
Petilil,No,GRASS,No,35,50,45,70,50,30,280
Lilligant,No,GRASS,No,60,75,70,110,75,90,480
Basculin,Red-Striped Form,WATER,No,92,65,70,80,55,98,460
Basculin,Blue-Striped Form,WATER,No,92,65,70,80,55,98,460
Sandile,No,GROUND,DARK,72,35,50,35,35,65,292
Krokorok,No,GROUND,DARK,82,45,60,45,45,74,351
Krookodile,No,GROUND,DARK,117,80,95,65,70,92,519
Darumaka,No,FIRE,No,90,45,70,15,45,50,315
Darumaka,Galarian Darumaka,ICE,No,90,45,70,15,45,50,315
Darmanitan,Standard Mode,FIRE,No,140,55,105,30,55,95,480
Darmanitan,Zen Mode,FIRE,PSYCHIC,30,105,105,140,105,55,540
Darmanitan,Galarian Standard Mode,ICE,No,140,55,105,30,55,95,480
Darmanitan,Galarian Zen Mode,ICE,FIRE,160,55,105,30,55,135,540
Maractus,No,GRASS,No,86,67,75,106,67,60,461
Dwebble,No,BUG,ROCK,65,85,50,35,35,55,325
Crustle,No,BUG,ROCK,105,125,70,65,75,45,485
Scraggy,No,DARK,FIGHTING,75,70,50,35,70,48,348
Scrafty,No,DARK,FIGHTING,90,115,65,45,115,58,488
Sigilyph,No,PSYCHIC,FLYING,58,80,72,103,80,97,490
Yamask,No,GHOST,No,30,85,38,55,65,30,303
Yamask,Galarian Yamask,GROUND,GHOST,55,85,38,30,65,30,303
Cofagrigus,No,GHOST,No,50,145,58,95,105,30,483
Tirtouga,No,WATER,ROCK,78,103,54,53,45,22,355
Carracosta,No,WATER,ROCK,108,133,74,83,65,32,495
Archen,No,ROCK,FLYING,112,45,55,74,45,70,401
Archeops,No,ROCK,FLYING,140,65,75,112,65,110,567
Trubbish,No,POISON,No,50,62,50,40,62,65,329
Garbodor,No,POISON,No,95,82,80,60,82,75,474
Zorua,No,DARK,No,65,40,40,80,40,65,330
Zoroark,No,DARK,No,105,60,60,120,60,105,510
Minccino,No,NORMAL,No,50,40,55,40,40,75,300
Cinccino,No,NORMAL,No,95,60,75,65,60,115,470
Gothita,No,PSYCHIC,No,30,50,45,55,65,45,290
Gothorita,No,PSYCHIC,No,45,70,60,75,85,55,390
Gothitelle,No,PSYCHIC,No,55,95,70,95,110,65,490
Solosis,No,PSYCHIC,No,30,40,45,105,50,20,290
Duosion,No,PSYCHIC,No,40,50,65,125,60,30,370
Reuniclus,No,PSYCHIC,No,65,75,110,125,85,30,490
Ducklett,No,WATER,FLYING,44,50,62,44,50,55,305
Swanna,No,WATER,FLYING,87,63,75,87,63,98,473
Vanillite,No,ICE,No,50,50,36,65,60,44,305
Vanillish,No,ICE,No,65,65,51,80,75,59,395
Vanilluxe,No,ICE,No,95,85,71,110,95,79,535
Deerling,No,NORMAL,GRASS,60,50,60,40,50,75,335
Sawsbuck,No,NORMAL,GRASS,100,70,80,60,70,95,475
Emolga,No,ELECTRIC,FLYING,75,60,55,75,60,103,428
Karrablast,No,BUG,No,75,45,50,40,45,60,315
Escavalier,No,BUG,STEEL,135,105,70,60,105,20,495
Foongus,No,GRASS,POISON,55,45,69,55,55,15,294
Amoonguss,No,GRASS,POISON,85,70,114,85,80,30,464
Frillish,No,WATER,GHOST,40,50,55,65,85,40,335
Jellicent,No,WATER,GHOST,60,70,100,85,105,60,480
Alomomola,No,WATER,No,75,80,165,40,45,65,470
Joltik,No,BUG,ELECTRIC,47,50,50,57,50,65,319
Galvantula,No,BUG,ELECTRIC,77,60,70,97,60,108,472
Ferroseed,No,GRASS,STEEL,50,91,44,24,86,10,305
Ferrothorn,No,GRASS,STEEL,94,131,74,54,116,20,489
Klink,No,STEEL,No,55,70,40,45,60,30,300
Klang,No,STEEL,No,80,95,60,70,85,50,440
Klinklang,No,STEEL,No,100,115,60,70,85,90,520
Tynamo,No,ELECTRIC,No,55,40,35,45,40,60,275
Eelektrik,No,ELECTRIC,No,85,70,65,75,70,40,405
Eelektross,No,ELECTRIC,No,115,80,85,105,80,50,515
Elgyem,No,PSYCHIC,No,55,55,55,85,55,30,335
Beheeyem,No,PSYCHIC,No,75,75,75,125,95,40,485
Litwick,No,GHOST,FIRE,30,55,50,65,55,20,275
Lampent,No,GHOST,FIRE,40,60,60,95,60,55,370
Chandelure,No,GHOST,FIRE,55,90,60,145,90,80,520
Axew,No,DRAGON,No,87,60,46,30,40,57,320
Fraxure,No,DRAGON,No,117,70,66,40,50,67,410
Haxorus,No,DRAGON,No,147,90,76,60,70,97,540
Cubchoo,No,ICE,No,70,40,55,60,40,40,305
Beartic,No,ICE,No,130,80,95,70,80,50,505
Cryogonal,No,ICE,No,50,50,80,95,135,105,515
Shelmet,No,BUG,No,40,85,50,40,65,25,305
Accelgor,No,BUG,No,70,40,80,100,60,145,495
Stunfisk,No,GROUND,ELECTRIC,66,84,109,81,99,32,471
Stunfisk,Galarian Stunfisk,GROUND,STEEL,81,99,109,66,84,32,471
Mienfoo,No,FIGHTING,No,85,50,45,55,50,65,350
Mienshao,No,FIGHTING,No,125,60,65,95,60,105,510
Druddigon,No,DRAGON,No,120,90,77,60,90,48,485
Golett,No,GROUND,GHOST,74,50,59,35,50,35,303
Golurk,No,GROUND,GHOST,124,80,89,55,80,55,483
Pawniard,No,DARK,STEEL,85,70,45,40,40,60,340
Bisharp,No,DARK,STEEL,125,100,65,60,70,70,490
Bouffalant,No,NORMAL,No,110,95,95,40,95,55,490
Rufflet,No,NORMAL,FLYING,83,50,70,37,50,60,350
Braviary,No,NORMAL,FLYING,123,75,100,57,75,80,510
Vullaby,No,DARK,FLYING,55,75,70,45,65,60,370
Mandibuzz,No,DARK,FLYING,65,105,110,55,95,80,510
Heatmor,No,FIRE,No,97,66,85,105,66,65,484
Durant,No,BUG,STEEL,109,112,58,48,48,109,484
Deino,No,DARK,DRAGON,65,50,52,45,50,38,300
Zweilous,No,DARK,DRAGON,85,70,72,65,70,58,420
Hydreigon,No,DARK,DRAGON,105,90,92,125,90,98,600
Larvesta,No,BUG,FIRE,85,55,55,50,55,60,360
Volcarona,No,BUG,FIRE,60,65,85,135,105,100,550
Cobalion,No,STEEL,FIGHTING,90,129,91,90,72,108,580
Terrakion,No,ROCK,FIGHTING,129,90,91,72,90,108,580
Virizion,No,GRASS,FIGHTING,90,72,91,90,129,108,580
Tornadus,Incarnate Forme,FLYING,No,115,70,79,125,80,111,580
Tornadus,Therian Forme,FLYING,No,100,80,79,110,90,121,580
Thundurus,Incarnate Forme,ELECTRIC,FLYING,115,70,79,125,80,111,580
Thundurus,Therian Forme,ELECTRIC,FLYING,105,70,79,145,80,101,580
Reshiram,No,DRAGON,FIRE,120,100,100,150,120,90,680
Zekrom,No,DRAGON,ELECTRIC,150,120,100,120,100,90,680
Landorus,Incarnate Forme,GROUND,FLYING,125,90,89,115,80,101,600
Landorus,Therian Forme,GROUND,FLYING,145,90,89,105,80,91,600
Kyurem,No,DRAGON,ICE,130,90,125,130,90,95,660
Kyurem,Black Kyurem,DRAGON,ICE,170,100,125,120,90,95,700
Kyurem,White Kyurem,DRAGON,ICE,120,90,125,170,100,95,700
Keldeo,Ordinary Form,WATER,FIGHTING,72,90,91,129,90,108,580
Keldeo,Resolute Form,WATER,FIGHTING,72,90,91,129,90,108,580
Meloetta,Aria Forme,NORMAL,PSYCHIC,77,77,100,128,128,90,600
Meloetta,Pirouette Forme,NORMAL,FIGHTING,128,90,100,77,77,128,600
Genesect,No,BUG,STEEL,120,95,71,120,95,99,600
Chespin,No,GRASS,No,61,65,56,48,45,38,313
Quilladin,No,GRASS,No,78,95,61,56,58,57,405
Chesnaught,No,GRASS,FIGHTING,107,122,88,74,75,64,530
Fennekin,No,FIRE,No,45,40,40,62,60,60,307
Braixen,No,FIRE,No,59,58,59,90,70,73,409
Delphox,No,FIRE,PSYCHIC,69,72,75,114,100,104,534
Froakie,No,WATER,No,56,40,41,62,44,71,314
Frogadier,No,WATER,No,63,52,54,83,56,97,405
Greninja,No,WATER,DARK,95,67,72,103,71,122,530
Greninja,Ash-Greninja,WATER,DARK,145,67,72,153,71,132,640
Bunnelby,No,NORMAL,No,36,38,38,32,36,57,237
Diggersby,No,NORMAL,GROUND,56,77,85,50,77,78,423
Fletchling,No,NORMAL,FLYING,50,43,45,40,38,62,278
Fletchinder,No,FIRE,FLYING,73,55,62,56,52,84,382
Talonflame,No,FIRE,FLYING,81,71,78,74,69,126,499
Scatterbug,No,BUG,No,35,40,38,27,25,35,200
Spewpa,No,BUG,No,22,60,45,27,30,29,213
Vivillon,No,BUG,FLYING,52,50,80,90,50,89,411
Litleo,No,FIRE,NORMAL,50,58,62,73,54,72,369
Pyroar,No,FIRE,NORMAL,68,72,86,109,66,106,507
Flab,No,FAIRY,No,38,39,44,61,79,42,303
Floette,No,FAIRY,No,45,47,54,75,98,52,371
Florges,No,FAIRY,No,65,68,78,112,154,75,552
Skiddo,No,GRASS,No,65,48,66,62,57,52,350
Gogoat,No,GRASS,No,100,62,123,97,81,68,531
Pancham,No,FIGHTING,No,82,62,67,46,48,43,348
Pangoro,No,FIGHTING,DARK,124,78,95,69,71,58,495
Furfrou,No,NORMAL,No,80,60,75,65,90,102,472
Espurr,No,PSYCHIC,No,48,54,62,63,60,68,355
Meowstic,Male,PSYCHIC,No,48,76,74,83,81,104,466
Meowstic,Female,PSYCHIC,No,48,76,74,83,81,104,466
Honedge,No,STEEL,GHOST,80,100,45,35,37,28,325
Doublade,No,STEEL,GHOST,110,150,59,45,49,35,448
Aegislash,Shield Forme,STEEL,GHOST,50,140,60,50,140,60,500
Aegislash,Blade Forme,STEEL,GHOST,140,50,60,140,50,60,500
Spritzee,No,FAIRY,No,52,60,78,63,65,23,341
Aromatisse,No,FAIRY,No,72,72,101,99,89,29,462
Swirlix,No,FAIRY,No,48,66,62,59,57,49,341
Slurpuff,No,FAIRY,No,80,86,82,85,75,72,480
Inkay,No,DARK,PSYCHIC,54,53,53,37,46,45,288
Malamar,No,DARK,PSYCHIC,92,88,86,68,75,73,482
Binacle,No,ROCK,WATER,52,67,42,39,56,50,306
Barbaracle,No,ROCK,WATER,105,115,72,54,86,68,500
Skrelp,No,POISON,WATER,60,60,50,60,60,30,320
Dragalge,No,POISON,DRAGON,75,90,65,97,123,44,494
Clauncher,No,WATER,No,53,62,50,58,63,44,330
Clawitzer,No,WATER,No,73,88,71,120,89,59,500
Helioptile,No,ELECTRIC,NORMAL,38,33,44,61,43,70,289
Heliolisk,No,ELECTRIC,NORMAL,55,52,62,109,94,109,481
Tyrunt,No,ROCK,DRAGON,89,77,58,45,45,48,362
Tyrantrum,No,ROCK,DRAGON,121,119,82,69,59,71,521
Amaura,No,ROCK,ICE,59,50,77,67,63,46,362
Aurorus,No,ROCK,ICE,77,72,123,99,92,58,521
Sylveon,No,FAIRY,No,65,65,95,110,130,60,525
Hawlucha,No,FIGHTING,FLYING,92,75,78,74,63,118,500
Dedenne,No,ELECTRIC,FAIRY,58,57,67,81,67,101,431
Carbink,No,ROCK,FAIRY,50,150,50,50,150,50,500
Goomy,No,DRAGON,No,50,35,45,55,75,40,300
Sliggoo,No,DRAGON,No,75,53,68,83,113,60,452
Goodra,No,DRAGON,No,100,70,90,110,150,80,600
Klefki,No,STEEL,FAIRY,80,91,57,80,87,75,470
Phantump,No,GHOST,GRASS,70,48,43,50,60,38,309
Trevenant,No,GHOST,GRASS,110,76,85,65,82,56,474
Pumpkaboo,Average Size,GHOST,GRASS,66,70,49,44,55,51,335
Pumpkaboo,Small Size,GHOST,GRASS,66,70,44,44,55,56,335
Pumpkaboo,Large Size,GHOST,GRASS,66,70,54,44,55,46,335
Pumpkaboo,Super Size,GHOST,GRASS,66,70,59,44,55,41,335
Gourgeist,Average Size,GHOST,GRASS,90,122,65,58,75,84,494
Gourgeist,Small Size,GHOST,GRASS,85,122,55,58,75,99,494
Gourgeist,Large Size,GHOST,GRASS,95,122,75,58,75,69,494
Gourgeist,Super Size,GHOST,GRASS,100,122,85,58,75,54,494
Bergmite,No,ICE,No,69,85,55,32,35,28,304
Avalugg,No,ICE,No,117,184,95,44,46,28,514
Noibat,No,FLYING,DRAGON,30,35,40,45,40,55,245
Noivern,No,FLYING,DRAGON,70,80,85,97,80,123,535
Xerneas,No,FAIRY,No,131,95,126,131,98,99,680
Yveltal,No,DARK,FLYING,131,95,126,131,98,99,680
Zygarde,50% Forme,DRAGON,GROUND,100,121,108,81,95,95,600
Zygarde,10% Forme,DRAGON,GROUND,100,71,54,61,85,115,486
Zygarde,Complete Forme,DRAGON,GROUND,100,121,216,91,95,85,708
Diancie,No,ROCK,FAIRY,100,150,50,100,150,50,600
Diancie,Mega Diancie,ROCK,FAIRY,160,110,50,160,110,110,700
Hoopa,Hoopa Confined,PSYCHIC,GHOST,110,60,80,150,130,70,600
Hoopa,Hoopa Unbound,PSYCHIC,DARK,160,60,80,170,130,80,680
Volcanion,No,FIRE,WATER,110,120,80,130,90,70,600
Rowlet,No,GRASS,FLYING,55,55,68,50,50,42,320
Dartrix,No,GRASS,FLYING,75,75,78,70,70,52,420
Decidueye,No,GRASS,GHOST,107,75,78,100,100,70,530
Litten,No,FIRE,No,65,40,45,60,40,70,320
Torracat,No,FIRE,No,85,50,65,80,50,90,420
Incineroar,No,FIRE,DARK,115,90,95,80,90,60,530
Popplio,No,WATER,No,54,54,50,66,56,40,320
Brionne,No,WATER,No,69,69,60,91,81,50,420
Primarina,No,WATER,FAIRY,74,74,80,126,116,60,530
Pikipek,No,NORMAL,FLYING,75,30,35,30,30,65,265
Trumbeak,No,NORMAL,FLYING,85,50,55,40,50,75,355
Toucannon,No,NORMAL,FLYING,120,75,80,75,75,60,485
Yungoos,No,NORMAL,No,70,30,48,30,30,45,253
Gumshoos,No,NORMAL,No,110,60,88,55,60,45,418
Grubbin,No,BUG,No,62,45,47,55,45,46,300
Charjabug,No,BUG,ELECTRIC,82,95,57,55,75,36,400
Vikavolt,No,BUG,ELECTRIC,70,90,77,145,75,43,500
Crabrawler,No,FIGHTING,No,82,57,47,42,47,63,338
Crabominable,No,FIGHTING,ICE,132,77,97,62,67,43,478
Oricorio,Baile Style,FIRE,FLYING,70,70,75,98,70,93,476
Oricorio,Pom-Pom Style,ELECTRIC,FLYING,70,70,75,98,70,93,476
Oricorio,Pa'u Style,PSYCHIC,FLYING,70,70,75,98,70,93,476
Oricorio,Sensu Style,GHOST,FLYING,70,70,75,98,70,93,476
Cutiefly,No,BUG,FAIRY,45,40,40,55,40,84,304
Ribombee,No,BUG,FAIRY,55,60,60,95,70,124,464
Rockruff,No,ROCK,No,65,40,45,30,40,60,280
Rockruff,Own Tempo Rockruff,ROCK,No,65,40,45,30,40,60,280
Lycanroc,Midday Form,ROCK,No,115,65,75,55,65,112,487
Lycanroc,Midnight Form,ROCK,No,115,75,85,55,75,82,487
Lycanroc,Dusk Form,ROCK,No,117,65,75,55,65,110,487
Wishiwashi,Solo Form,WATER,No,20,20,45,25,25,40,175
Wishiwashi,School Form,WATER,No,140,130,45,140,135,30,620
Mareanie,No,POISON,WATER,53,62,50,43,52,45,305
Toxapex,No,POISON,WATER,63,152,50,53,142,35,495
Mudbray,No,GROUND,No,100,70,70,45,55,45,385
Mudsdale,No,GROUND,No,125,100,100,55,85,35,500
Dewpider,No,WATER,BUG,40,52,38,40,72,27,269
Araquanid,No,WATER,BUG,70,92,68,50,132,42,454
Fomantis,No,GRASS,No,55,35,40,50,35,35,250
Lurantis,No,GRASS,No,105,90,70,80,90,45,480
Morelull,No,GRASS,FAIRY,35,55,40,65,75,15,285
Shiinotic,No,GRASS,FAIRY,45,80,60,90,100,30,405
Salandit,No,POISON,FIRE,44,40,48,71,40,77,320
Salazzle,No,POISON,FIRE,64,60,68,111,60,117,480
Stufful,No,NORMAL,FIGHTING,75,50,70,45,50,50,340
Bewear,No,NORMAL,FIGHTING,125,80,120,55,60,60,500
Bounsweet,No,GRASS,No,30,38,42,30,38,32,210
Steenee,No,GRASS,No,40,48,52,40,48,62,290
Tsareena,No,GRASS,No,120,98,72,50,98,72,510
Comfey,No,FAIRY,No,52,90,51,82,110,100,485
Oranguru,No,NORMAL,PSYCHIC,60,80,90,90,110,60,490
Passimian,No,FIGHTING,No,120,90,100,40,60,80,490
Wimpod,No,BUG,WATER,35,40,25,20,30,80,230
Golisopod,No,BUG,WATER,125,140,75,60,90,40,530
Sandygast,No,GHOST,GROUND,55,80,55,70,45,15,320
Palossand,No,GHOST,GROUND,75,110,85,100,75,35,480
Pyukumuku,No,WATER,No,60,130,55,30,130,5,410
Type: Null,No,NORMAL,No,95,95,95,95,95,59,534
Silvally,No,NORMAL,No,95,95,95,95,95,95,570
Minior,Meteor Form,ROCK,FLYING,60,100,60,60,100,60,440
Minior,Core Form,ROCK,FLYING,100,60,60,100,60,120,500
Komala,No,NORMAL,No,115,65,65,75,95,65,480
Turtonator,No,FIRE,DRAGON,78,135,60,91,85,36,485
Togedemaru,No,ELECTRIC,STEEL,98,63,65,40,73,96,435
Mimikyu,No,GHOST,FAIRY,90,80,55,50,105,96,476
Bruxish,No,WATER,PSYCHIC,105,70,68,70,70,92,475
Drampa,No,NORMAL,DRAGON,60,85,78,135,91,36,485
Dhelmise,No,GHOST,GRASS,131,100,70,86,90,40,517
Jangmo-o,No,DRAGON,No,55,65,45,45,45,45,300
Hakamo-o,No,DRAGON,FIGHTING,75,90,55,65,70,65,420
Kommo-o,No,DRAGON,FIGHTING,110,125,75,100,105,85,600
Tapu Koko,No,ELECTRIC,FAIRY,115,85,70,95,75,130,570
Tapu Lele,No,PSYCHIC,FAIRY,85,75,70,130,115,95,570
Tapu Bulu,No,GRASS,FAIRY,130,115,70,85,95,75,570
Tapu Fini,No,WATER,FAIRY,75,115,70,95,130,85,570
Cosmog,No,PSYCHIC,No,29,31,43,29,31,37,200
Cosmoem,No,PSYCHIC,No,29,131,43,29,131,37,400
Solgaleo,No,PSYCHIC,STEEL,137,107,137,113,89,97,680
Lunala,No,PSYCHIC,GHOST,113,89,137,137,107,97,680
Nihilego,No,ROCK,POISON,53,47,109,127,131,103,570
Buzzwole,No,BUG,FIGHTING,139,139,107,53,53,79,570
Pheromosa,No,BUG,FIGHTING,137,37,71,137,37,151,570
Xurkitree,No,ELECTRIC,No,89,71,83,173,71,83,570
Celesteela,No,STEEL,FLYING,101,103,97,107,101,61,570
Kartana,No,GRASS,STEEL,181,131,59,59,31,109,570
Guzzlord,No,DARK,DRAGON,101,53,223,97,53,43,570
Necrozma,No,PSYCHIC,No,107,101,97,127,89,79,600
Necrozma,Dusk Mane Necrozma,PSYCHIC,STEEL,157,127,97,113,109,77,680
Necrozma,Dawn Wings Necrozma,PSYCHIC,GHOST,113,109,97,157,127,77,680
Necrozma,Ultra Necrozma,PSYCHIC,DRAGON,167,97,97,167,97,129,754
Magearna,No,STEEL,FAIRY,95,115,80,130,115,65,600
Marshadow,No,FIGHTING,GHOST,125,80,90,90,90,125,600
Poipole,No,POISON,No,73,67,67,73,67,73,420
Naganadel,No,POISON,DRAGON,73,73,73,127,73,121,540
Stakataka,No,ROCK,STEEL,131,211,61,53,101,13,570
Blacephalon,No,FIRE,GHOST,127,53,53,151,79,107,570
Zeraora,No,ELECTRIC,No,112,75,88,102,80,143,600
Meltan,No,STEEL,No,65,65,46,55,35,34,300
Melmetal,No,STEEL,No,143,143,135,80,65,34,600
Grookey,No,GRASS,No,65,50,50,40,40,65,310
Thwackey,No,GRASS,No,85,70,70,55,60,80,420
Rillaboom,No,GRASS,No,125,90,100,60,70,85,530
Scorbunny,No,FIRE,No,71,40,50,40,40,69,310
Raboot,No,FIRE,No,86,60,65,55,60,94,420
Cinderace,No,FIRE,No,116,75,80,65,75,119,530
Sobble,No,WATER,No,40,40,50,70,40,70,310
Drizzile,No,WATER,No,60,55,65,95,55,90,420
Inteleon,No,WATER,No,85,65,70,125,65,120,530
Skwovet,No,NORMAL,No,55,55,70,35,35,25,275
Greedent,No,NORMAL,No,95,95,120,55,75,20,460
Rookidee,No,FLYING,No,47,35,38,33,35,57,245
Corvisquire,No,FLYING,No,67,55,68,43,55,77,365
Corviknight,No,FLYING,STEEL,87,105,98,53,85,67,495
Blipbug,No,BUG,No,20,20,25,25,45,45,180
Dottler,No,BUG,PSYCHIC,35,80,50,50,90,30,335
Orbeetle,No,BUG,PSYCHIC,45,110,60,80,120,90,505
Nickit,No,DARK,No,28,28,40,47,52,50,245
Thievul,No,DARK,No,58,58,70,87,92,90,455
Gossifleur,No,GRASS,No,40,60,40,40,60,10,250
Eldegoss,No,GRASS,No,50,90,60,80,120,60,460
Wooloo,No,NORMAL,No,40,55,42,40,45,48,270
Dubwool,No,NORMAL,No,80,100,72,60,90,88,490
Chewtle,No,WATER,No,64,50,50,38,38,44,284
Drednaw,No,WATER,ROCK,115,90,90,48,68,74,485
Yamper,No,ELECTRIC,No,45,50,59,40,50,26,270
Boltund,No,ELECTRIC,No,90,60,69,90,60,121,490
Rolycoly,No,ROCK,No,40,50,30,40,50,30,240
Carkol,No,ROCK,FIRE,60,90,80,60,70,50,410
Coalossal,No,ROCK,FIRE,80,120,110,80,90,30,510
Applin,No,GRASS,DRAGON,40,80,40,40,40,20,260
Flapple,No,GRASS,DRAGON,110,80,70,95,60,70,485
Appletun,No,GRASS,DRAGON,85,80,110,100,80,30,485
Silicobra,No,GROUND,No,57,75,52,35,50,46,315
Sandaconda,No,GROUND,No,107,125,72,65,70,71,510
Cramorant,No,FLYING,WATER,85,55,70,85,95,85,475
Arrokuda,No,WATER,No,63,40,41,40,30,66,280
Barraskewda,No,WATER,No,123,60,61,60,50,136,490
Toxel,No,ELECTRIC,POISON,38,35,40,54,35,40,242
Toxtricity,Low Key Form,ELECTRIC,POISON,98,70,75,114,70,75,502
Toxtricity,Amped Form,ELECTRIC,POISON,98,70,75,114,70,75,502
Sizzlipede,No,FIRE,BUG,65,45,50,50,50,45,305
Centiskorch,No,FIRE,BUG,115,65,100,90,90,65,525
Clobbopus,No,FIGHTING,No,68,60,50,50,50,32,310
Grapploct,No,FIGHTING,No,118,90,80,70,80,42,480
Sinistea,No,GHOST,No,45,45,40,74,54,50,308
Polteageist,No,GHOST,No,65,65,60,134,114,70,508
Hatenna,No,PSYCHIC,No,30,45,42,56,53,39,265
Hattrem,No,PSYCHIC,No,40,65,57,86,73,49,370
Hatterene,No,PSYCHIC,FAIRY,90,95,57,136,103,29,510
Impidimp,No,DARK,FAIRY,45,30,45,55,40,50,265
Morgrem,No,DARK,FAIRY,60,45,65,75,55,70,370
Grimmsnarl,No,DARK,FAIRY,120,65,95,95,75,60,510
Obstagoon,No,DARK,NORMAL,90,101,93,60,81,95,520
Perrserker,No,STEEL,No,110,100,70,50,60,50,440
Cursola,No,GHOST,No,95,50,60,145,130,30,510
Sirfetch'd,No,FIGHTING,No,135,95,62,68,82,65,507
Mr. Rime,No,ICE,PSYCHIC,85,75,80,110,100,70,520
Runerigus,No,GROUND,GHOST,95,145,58,50,105,30,483
Milcery,No,FAIRY,No,40,40,45,50,61,34,270
Alcremie,No,FAIRY,No,60,75,65,110,121,64,495
Falinks,No,FIGHTING,No,100,100,65,70,60,75,470
Pincurchin,No,ELECTRIC,No,101,95,48,91,85,15,435
Snom,No,ICE,BUG,25,35,30,45,30,20,185
Frosmoth,No,ICE,BUG,65,60,70,125,90,65,475
Stonjourner,No,ROCK,No,125,135,100,20,20,70,470
Eiscue,Ice Face,ICE,No,80,110,75,65,90,50,470
Eiscue,Noice Face,ICE,No,80,70,75,65,50,130,470
Indeedee,Male,PSYCHIC,NORMAL,65,55,60,105,95,95,475
Indeedee,Female,PSYCHIC,NORMAL,55,65,70,95,105,85,475
Morpeko,Full Belly Mode,ELECTRIC,DARK,95,58,58,70,58,97,436
Morpeko,Hangry Mode,ELECTRIC,DARK,95,58,58,70,58,97,436
Cufant,No,STEEL,No,80,49,72,40,49,40,330
Copperajah,No,STEEL,No,130,69,122,80,69,30,500
Dracozolt,No,ELECTRIC,DRAGON,100,90,90,80,70,75,505
Arctozolt,No,ELECTRIC,ICE,100,90,90,90,80,55,505
Dracovish,No,WATER,DRAGON,90,100,90,70,80,75,505
Arctovish,No,WATER,ICE,90,100,90,80,90,55,505
Duraludon,No,STEEL,DRAGON,95,115,70,120,50,85,535
Dreepy,No,DRAGON,GHOST,60,30,28,40,30,82,270
Drakloak,No,DRAGON,GHOST,80,50,68,60,50,102,410
Dragapult,No,DRAGON,GHOST,120,75,88,100,75,142,600
Zacian,Crowned Sword,FAIRY,STEEL,170,115,92,80,115,148,720
Zacian,Hero of Many Battles,FAIRY,No,130,115,92,80,115,138,670
Zamazenta,Crowned Shield,FIGHTING,STEEL,130,145,92,80,145,128,720
Zamazenta,Hero of Many Battles,FIGHTING,No,130,115,92,80,115,138,670
Eternatus,No,POISON,DRAGON,85,95,140,145,95,130,690
Eternatus,Eternamax,POISON,DRAGON,115,250,255,125,250,130,1125
Kubfu,No,FIGHTING,No,90,60,60,53,50,72,385
Urshifu,Single Strike Style,FIGHTING,DARK,130,100,100,63,60,97,550
Urshifu,Rapid Strike Style,FIGHTING,WATER,130,100,100,63,60,97,550
Zarude,No,DARK,GRASS,120,105,105,70,95,105,600
Regieleki,No,ELECTRIC,No,100,50,80,100,50,200,580
Regidrago,No,DRAGON,No,100,50,200,100,50,80,580
Glastrier,No,ICE,No,145,130,100,65,110,30,580
Spectrier,No,GHOST,No,65,60,100,145,80,130,580
Calyrex,No,PSYCHIC,GRASS,80,80,100,80,80,80,500
Calyrex,Ice Rider,PSYCHIC,ICE,165,150,100,85,130,50,680
Calyrex,Shadow Rider,PSYCHIC,GHOST,85,80,100,165,100,150,680
